"","params","mean","lo90","hi90","ess","rhat"
"beta1","beta1",-0.00000500660456072236,-0.0000102411238176781,-0.000000061094593923506,11132.5085717294,1.00069453440261
"s1[1]","s1[1]",-0.000441169997486589,-0.00217882655933556,0.00119843039860601,11469.3974190556,1.00000036481361
"s1[2]","s1[2]",-0.000359958069719876,-0.00196605500711794,0.00118099084636882,15768.9574275865,0.999904864298603
"s1[3]","s1[3]",-0.000340025680901001,-0.00191165327251418,0.00117080529093432,12389.3943695386,1.00016820349915
"s1[4]","s1[4]",-0.000581994466244325,-0.00227738854311657,0.00112867926001463,12074.1367808719,1.00008843978887
"s1[5]","s1[5]",-0.00069165985993166,-0.00196651390610522,0.000547541998091002,6501.67791750547,0.999914178004481
"s1[6]","s1[6]",-0.000161193207477836,-0.00205356643999652,0.00166269604644443,17981.4566254681,0.999922198916377
"s1[7]","s1[7]",-0.000460874293853103,-0.00173390101040451,0.000802519127533454,9991.33936456856,1.0001176839232
"s1[8]","s1[8]",-0.000252046516075414,-0.00167341225537692,0.00117570650924744,11844.2601546418,1.00078122614445
"s1[9]","s1[9]",-0.000484758729452116,-0.00189594723337499,0.000880624766481218,9827.22949626456,0.999917467032888
"s1[10]","s1[10]",0.0000965480825927554,-0.00118559094819758,0.00136910546155908,16993.6151452713,1.00027555593746
"s1[11]","s1[11]",0.0000848824124473773,-0.00130160147893599,0.00141222213032984,16776.5667323331,1.00040657942331
"s1[12]","s1[12]",0.000688879482339207,-0.000557124239526169,0.00205905552784178,15459.875777599,1.00125725063359
"s1[13]","s1[13]",0.0000811731845998518,-0.00183029833672625,0.001825240176257,17770.173146177,1.00008158507338
"s1[14]","s1[14]",0.000870994484926813,-0.000439630817443044,0.00233588507534762,11816.5897091415,1.00062395653773
"s1[15]","s1[15]",0.000635677896520684,-0.000791896316362001,0.00214247153618157,16200.4701410769,0.999954801990138
"s1[16]","s1[16]",0.000941763500301068,-0.000632330780802483,0.00247883715833125,13363.0048031124,1.00095403738187
"s1[17]","s1[17]",0.000871901790118737,-0.000438710598899532,0.00214830788336894,14187.126320163,1.00048139244184
"s1[18]","s1[18]",0.000718490155790174,-0.00109474108573139,0.00253491597296612,17605.3026418302,1.0002144398
"s1[19]","s1[19]",0.000577874637588668,-0.000547188864271704,0.00178075888011119,18473.4094193457,1.00037413178255
"s1[20]","s1[20]",0.000838059750455863,-0.00111360423482006,0.00295491812423441,19807.1641306058,1.00019650029638
"s1[21]","s1[21]",0.000625469526035717,-0.000455804731829486,0.00178373470525376,18208.3235632569,0.999984066323563
"s1[22]","s1[22]",0.00072770596390304,-0.000421581480874285,0.00187245969880746,19675.7268141904,0.999995608739052
"s1[23]","s1[23]",0.000532292065016891,-0.000500315090107432,0.00147784396240052,17631.8304249207,1.00022304572203
"s1[24]","s1[24]",0.000919743601170182,-0.000264388573086386,0.00212084058280122,18380.2306782457,0.999881352020265
"s1[25]","s1[25]",0.000919366101031568,-0.00048508455783875,0.00231313122178136,16915.9429360087,0.999961347541478
"s1[26]","s1[26]",0.000904143130389258,-0.000115026509238719,0.00191163857537721,18233.4626087093,1.00039158971334
"s1[27]","s1[27]",0.00108547876468204,-0.00041880943077227,0.0026459384805074,18290.0541481392,1.00035470421087
"s1[28]","s1[28]",0.000403987573351308,-0.00144687026169837,0.00226083275451524,17283.5063067069,1.00025469906996
"s1[29]","s1[29]",-0.000042435557411972,-0.00243980446897584,0.00215383337907246,14127.4300385877,1.0004414780669
"s1[30]","s1[30]",0.0012287406438584,0.000159894411341766,0.00236218606453258,10900.9831566672,1.00084211215943
"s1[31]","s1[31]",0.00125275997179059,0.0000568538330933724,0.00244465315692877,12881.6512523998,1.00059817005783
"s1[32]","s1[32]",0.00123943879485446,-0.000224736985411566,0.00281547146532514,14583.1508576083,1.00013247937648
"s1[33]","s1[33]",0.000830722220605056,-0.000726284238332703,0.00231423599730192,18496.9978984631,1.00013959051772
"s1[34]","s1[34]",-0.000211670838306696,-0.00192922405520655,0.00139239552429922,8778.53070611214,1.00003736448583
"s1[35]","s1[35]",0.0011869014500442,-0.000491765967520914,0.00302908598730543,16329.1194332693,1.00005772070837
"s1[36]","s1[36]",0.00109168386027323,0.000228407985704015,0.00194486850663128,12357.9594023712,1.00063863425768
"s1[37]","s1[37]",0.00094240735903064,-0.000160946348509237,0.00211189789646276,17902.7723129602,1.00011106512094
"s1[38]","s1[38]",0.000993256072309039,-0.000267572562730967,0.00227035740688214,17175.6335889917,1.00032646115251
"s1[39]","s1[39]",0.000588259709361197,-0.000608012359347757,0.00176933404255913,16164.1651161173,1.00000322718099
"s1[40]","s1[40]",0.00010898092191594,-0.00156168128398153,0.00166752724697649,13500.1405961477,1.00014004923178
"s1[41]","s1[41]",-0.000300518245600025,-0.00317045938657146,0.00242119986404408,14003.2550281171,1.00005260208227
"s1[42]","s1[42]",0.00140920093117873,0.000110700095857588,0.00284523223427827,11130.2340244001,1.00016362141757
"s1[43]","s1[43]",0.000968160537855175,-0.000194892327773543,0.00203517755367033,19085.2396087057,1.00010403330019
"s1[44]","s1[44]",0.00102162032059395,-0.000166373245009257,0.00216810591993471,16600.8319466951,1.00041011374987
"s1[45]","s1[45]",0.00120331449432804,0.0000278170530485114,0.00236661502239111,12693.5255530642,1.00055033777805
"s1[46]","s1[46]",0.000332515256686556,-0.000962441959989353,0.00162300857109761,14165.119916753,1.00015048055788
"s1[47]","s1[47]",-0.000217719403520915,-0.00227730047217564,0.00177483048815874,11348.1843589501,1.00032161454258
"s1[48]","s1[48]",0.00148762133919573,-0.0000195928174823845,0.00306454412564089,12561.2259429048,1.00115581807615
"s1[49]","s1[49]",0.00170730265970764,0.000166479206321792,0.00324393938927881,8412.25117218242,1.00078074473891
"s1[50]","s1[50]",0.00114210105734247,-0.00010454029382529,0.00243019771106968,12809.3434689804,1.00033372861368
"s1[51]","s1[51]",0.000547339480146145,-0.00097094712749861,0.00200253920303154,17366.4209166711,1.00048522946564
"s1[52]","s1[52]",-0.000348347582588077,-0.0021099672133708,0.00146346017899588,8079.00590416924,1.00013324458769
"s1[53]","s1[53]",-0.000395571899200571,-0.00301508698077781,0.00201229111148888,11335.9737423368,1.00013646865156
"s1[54]","s1[54]",0.00122941919817111,-0.000520116190732238,0.00296626944129168,17044.2461136772,1.00022751404274
"s1[55]","s1[55]",0.000969825202482127,-0.000751035865647588,0.00277248833000388,17661.8923376918,1.00051230417585
"s1[56]","s1[56]",-0.000354924188423755,-0.00222224744526765,0.00130791810482022,7913.44580628138,1.00025500793525
"s1[57]","s1[57]",-0.00067838437613062,-0.00287066059368264,0.00144787050231309,7945.56872396799,1.00021158908958
"s1[58]","s1[58]",-0.000947713599925067,-0.00313635939218983,0.00122042115918198,6002.57513912088,1.00034282467489
"s1[59]","s1[59]",-0.00146347299813603,-0.00415173112347415,0.00120751820622696,5843.52007670783,1.00023990029373
"s1[60]","s1[60]",-0.00175837760279877,-0.00468351326584596,0.001235839171223,5487.35850583291,1.00028712321654
"s1[61]","s1[61]",-0.00162509659380842,-0.00496196331208978,0.00142812756476519,6767.05043647851,1.00042804710476
"s2[1]","s2[1]",0.0023579211751114,-0.000316930110947508,0.00490747033661833,9601.3068527295,1.00094579339883
"s2[2]","s2[2]",0.0017001945015142,-0.00115132477317931,0.00477417611987432,11236.4123534145,1.00049470952339
"s2[3]","s2[3]",0.0014133950111977,-0.000705192182761966,0.00365416851649284,11838.7322281754,1.00039844831551
"s2[4]","s2[4]",0.00155629972182469,-0.00273436998859251,0.00584759319701406,13557.1815331058,1.00087344434664
"s2[5]","s2[5]",0.000580680157439465,-0.00140273971484,0.00264617220318034,11899.2853953845,1.00022934588439
"s2[6]","s2[6]",0.000811873085597148,-0.00205721518429927,0.0037569955039338,17089.2826687777,1.00063412384567
"s2[7]","s2[7]",0.000901194771114359,-0.00214264528871423,0.00397792723205263,13306.038690805,1.00058672416062
"s2[8]","s2[8]",0.000606269325469698,-0.0016930781522124,0.00307030772172926,15620.4291318319,1.00056953203607
"s2[9]","s2[9]",-0.000114630778733112,-0.00272061057091805,0.00242337865380658,12027.258812983,1.00029638891291
"s2[10]","s2[10]",0.000474880759802693,-0.0013914645524852,0.00244989135433926,15217.9660216343,1.00087732356556
"s2[11]","s2[11]",0.000447170096235286,-0.00174030883516615,0.002803197608487,15158.0474815798,1.00011702714394
"s2[12]","s2[12]",0.00120842411060182,-0.00027437529410615,0.00262762299326135,11407.4462296235,1.00169005753468
"s2[13]","s2[13]",0.000419560246205722,-0.00260404222612358,0.0035058628445396,16690.3029869687,1.00050052147143
"s2[14]","s2[14]",0.00227719156979511,0.000129541788799277,0.00428705215583402,7797.9687056548,1.00284273846033
"s2[15]","s2[15]",0.000907158738363935,-0.00121150592550589,0.00319295046129711,15320.8514969196,1.00113556223842
"s2[16]","s2[16]",0.00189977656593484,-0.000281155502432519,0.0039733140962794,9326.11903362187,1.0011154240485
"s2[17]","s2[17]",0.000739200222680151,-0.0010157684896599,0.00261191777047408,14931.4382812302,1.00075355439289
"s2[18]","s2[18]",0.000236431448948317,-0.00255544010486987,0.00309826725301923,17600.9456142408,1.00029105800435
"s2[19]","s2[19]",0.000789002086392092,-0.00084356489165372,0.00246371653451729,12998.2981884396,1.0004875120724
"s2[20]","s2[20]",-0.000587970011163094,-0.00392386389515788,0.00245861540008623,19054.5515972759,1.00058480762108
"s2[21]","s2[21]",-0.000944750174582975,-0.00288942847132636,0.00100665773251155,11940.8309101864,1.00068593180587
"s2[22]","s2[22]",-0.00044886547481593,-0.00196735968848524,0.00119451806426595,16632.3097901225,1.00012790673679
"s2[23]","s2[23]",-0.0005264698398717,-0.00203590056719863,0.000845381079724216,14758.2068525178,1.00061302280264
"s2[24]","s2[24]",-0.000723009168169503,-0.00235439059629436,0.000856117121926075,14778.1301086374,0.999991368177524
"s2[25]","s2[25]",-0.000635452984164912,-0.00286727873825177,0.00144664017356212,16417.9216385046,1.00000901692278
"s2[26]","s2[26]",0.000756839642947742,-0.000542940222939317,0.00210049993314946,12178.5915197833,1.00089018017708
"s2[27]","s2[27]",-0.000216126706211617,-0.0025691066171903,0.00190530244062768,19190.8375074525,1.00054526091005
"s2[28]","s2[28]",-0.000858337173779707,-0.00366602258569365,0.0019214416919997,17265.5948820553,1.00091398545603
"s2[29]","s2[29]",-0.000886461995093824,-0.00429069721542013,0.00262808835063689,16371.4867434465,1.00027453204072
"s2[30]","s2[30]",-0.000428750218402521,-0.00187762100172263,0.00092131792014964,14555.7653690839,0.999947400695401
"s2[31]","s2[31]",0.000434443107100304,-0.000970152610869074,0.00196555050824709,16092.4474203481,1.0005442447813
"s2[32]","s2[32]",0.000153215301746415,-0.00177454369375269,0.0021308073369627,19308.5666560794,1.00024848746379
"s2[33]","s2[33]",-0.000774143866357416,-0.00297663530914608,0.00140954071792473,16230.7987621736,1.00071582549533
"s2[34]","s2[34]",-0.00115191151506815,-0.00342727462064621,0.00104842992779934,13317.1572598184,1.00122492833748
"s2[35]","s2[35]",-0.00050067339269379,-0.00319564694528438,0.00211128035770408,18852.1688818981,1.00028857343088
"s2[36]","s2[36]",-0.000140678520770639,-0.00110847459508476,0.000917544117000536,14534.3943793962,1.00031474796015
"s2[37]","s2[37]",-0.000709630906059704,-0.00221253314751265,0.000776741394205211,13827.952317998,1.0001149792899
"s2[38]","s2[38]",0.000253040245821626,-0.00123464596883616,0.00170505824401173,19456.4554475838,1.00074878043547
"s2[39]","s2[39]",-0.000646643520908161,-0.00210585037503438,0.000792948536415244,14722.0654618139,1.001029260488
"s2[40]","s2[40]",-0.000645535416631687,-0.00299197337877262,0.00146378564730526,15933.3141450844,1.00103377353761
"s2[41]","s2[41]",-0.000107462733079981,-0.00418745302483023,0.00403077622031987,18878.4553059889,1.0004410662384
"s2[42]","s2[42]",-0.00042857079240977,-0.00208482934940865,0.00125918095648063,16181.9212599749,1.00010761644687
"s2[43]","s2[43]",-0.000317244399972641,-0.00176987981940119,0.00104815824572004,16457.0905921603,1.00006400003351
"s2[44]","s2[44]",-0.000157563700696473,-0.00151659801861409,0.00120741843629338,18424.5647753014,1.00002865477156
"s2[45]","s2[45]",-0.000410946422040565,-0.00166447109528711,0.000745737324361365,15978.454444406,1.00015573874591
"s2[46]","s2[46]",0.000286939274761646,-0.00121050828147294,0.0017986651541347,17642.3329873786,1.0010928168586
"s2[47]","s2[47]",0.0000149615930885609,-0.00276706858030779,0.00283332264145073,18262.4014534082,0.999995369074784
"s2[48]","s2[48]",-0.000027212203772373,-0.00198090614659704,0.00185722246114044,17350.5308139602,1.00105158735508
"s2[49]","s2[49]",0.000270839321906201,-0.00118772431098032,0.00181831684264205,18708.5973543579,1.00098464470553
"s2[50]","s2[50]",0.00151278692354474,0.000103015182996823,0.0029153191586538,8624.63090281743,1.00313613618281
"s2[51]","s2[51]",-0.000109078010492462,-0.00217949952085153,0.0020484624403778,19387.0376492016,1.00007134658348
"s2[52]","s2[52]",-0.00049175304420732,-0.00283112690514831,0.00179732645769805,16004.2829886105,1.00027111772392
"s2[53]","s2[53]",-0.00020710036952601,-0.00377402981234326,0.00356580307604781,17313.2405987987,0.999890287544259
"s2[54]","s2[54]",0.0000678633769174577,-0.00233151937128531,0.00244048544128141,19673.3275855221,1.00026088429009
"s2[55]","s2[55]",0.000341150426325653,-0.00228893004639136,0.00285957310352476,19721.5879483184,0.999954406284958
"s2[56]","s2[56]",-0.0000946995773670927,-0.00224816354322498,0.0021560757465585,17142.9625303453,1.00002739773267
"s2[57]","s2[57]",-0.000562194626355113,-0.00352041898411892,0.00229456856246498,15573.985508228,1.00006495596733
"s2[58]","s2[58]",-0.000936264734962588,-0.00376737499542195,0.00185078154563006,13605.8044834735,1.00013013396513
"s2[59]","s2[59]",-0.00124253513933597,-0.00467759135587584,0.00206260443247274,13387.5705447564,1.00015698865544
"s2[60]","s2[60]",-0.00152244683556237,-0.00527151864438669,0.00200997243096458,12996.912887245,1.00021725667893
"s2[61]","s2[61]",-0.00139348961523428,-0.00551957362017177,0.0030613999014655,14946.197728636,1.00103011299992
"sigma1","sigma1",0.00144142617137536,0.000357245887125833,0.00251916253974711,3729.16264315288,1.0013616479621
"sigma2","sigma2",0.0023236666715463,0.000878417264594017,0.00382372553451473,5415.73801859843,1.00498279900664
